num,seccion,tabla,campo,grupo,campo_gp,tabla_gp,transformar,observaciones
1,actividad,actividad,id,2,,,2,tabla obsoleta
1,actividad,actividad,seguido_por_id,2,,,2,tabla obsoleta
1,actividad,actividad,fecha_hora,2,,,2,tabla obsoleta
1,actividad,actividad,tipo_id,2,,,2,tabla obsoleta
1,actividad,actividad,objeto_disparador_id,2,,,2,tabla obsoleta
1,actividad,actividad,objeto_seguido_id,2,,,2,tabla obsoleta
1,actividad,actividad,objeto_seguido_content_type_id,2,,,2,tabla obsoleta
1,actividad,actividad,objeto_disparador_content_type_id,2,,,2,tabla obsoleta
2,actividad,siguea,id,2,,,2,tabla obsoleta
2,actividad,siguea,seguido_type_id,2,,,2,tabla obsoleta
2,actividad,siguea,seguido_id,2,,,2,tabla obsoleta
2,actividad,siguea,seguidor_id,2,,,2,tabla obsoleta
2,actividad,siguea,fecha,2,,,2,tabla obsoleta
3,actividad,tipoactividad,id,2,,,2,tabla obsoleta
3,actividad,tipoactividad,nombre,2,,,2,tabla obsoleta
4,auth,group_permissions,id,2,,,2,tabla obsoleta
4,auth,group_permissions,group_id,2,,,2,tabla obsoleta
4,auth,group_permissions,permission_id,2,,,2,tabla obsoleta
5,auth,group,id,2,,,2,tabla obsoleta
5,auth,group,name,2,,,2,tabla obsoleta
6,auth,message,id,2,,,2,tabla obsoleta
6,auth,message,user_id,2,,,2,tabla obsoleta
6,auth,message,message,2,,,2,tabla obsoleta
7,auth,permission,id,2,,,2,tabla obsoleta
7,auth,permission,name,2,,,2,tabla obsoleta
7,auth,permission,content_type_id,2,,,2,tabla obsoleta
7,auth,permission,codename,2,,,2,tabla obsoleta
8,auth,user_groups,id,2,,,2,tabla obsoleta
8,auth,user_groups,user_id,2,,,2,tabla obsoleta
8,auth,user_groups,group_id,2,,,2,tabla obsoleta
9,auth,user_user_permissions,id,2,,,2,tabla obsoleta
9,auth,user_user_permissions,user_id,2,,,2,tabla obsoleta
9,auth,user_user_permissions,permission_id,2,,,2,tabla obsoleta
10,auth,user,id,2,,,2,tabla obsoleta
10,auth,user,username,2,,,2,tabla obsoleta
10,auth,user,first_name,2,,,2,tabla obsoleta
10,auth,user,last_name,2,,,2,tabla obsoleta
10,auth,user,email,2,,,2,tabla obsoleta
10,auth,user,password,2,,,2,tabla obsoleta
10,auth,user,is_staff,2,,,2,tabla obsoleta
10,auth,user,is_active,2,,,2,tabla obsoleta
10,auth,user,is_superuser,2,,,2,tabla obsoleta
10,auth,user,last_login,2,,,2,tabla obsoleta
10,auth,user,date_joined,2,,,2,tabla obsoleta
11,ayuda,ayudaseccion,id,2,,,2,tabla obsoleta
11,ayuda,ayudaseccion,orden,2,,,2,tabla obsoleta
11,ayuda,ayudaseccion,fecha_actualizacion,2,,,2,tabla obsoleta
11,ayuda,ayudaseccion,id_video_ayuda,2,,,2,tabla obsoleta
11,ayuda,ayudaseccion,regex_seccion,2,,,2,tabla obsoleta
11,ayuda,ayudaseccion,exacto,2,,,2,tabla obsoleta
12,ayuda,enlaceinteres,id,2,,,2,tabla obsoleta
12,ayuda,enlaceinteres,titulo,2,,,2,tabla obsoleta
12,ayuda,enlaceinteres,enlace,2,,,2,tabla obsoleta
12,ayuda,enlaceinteres,descripcion,2,,,2,tabla obsoleta
12,ayuda,enlaceinteres,seccion_id,2,,,2,tabla obsoleta
12,ayuda,enlaceinteres,orden,2,,,2,tabla obsoleta
13,ayuda,enlacesseccion,id,2,,,2,tabla obsoleta
13,ayuda,enlacesseccion,orden,2,,,2,tabla obsoleta
13,ayuda,enlacesseccion,regex_seccion,2,,,2,tabla obsoleta
14,ayuda,preguntarespuesta,id,2,,,2,tabla obsoleta
14,ayuda,preguntarespuesta,orden,2,,,2,tabla obsoleta
14,ayuda,preguntarespuesta,pregunta,2,,,2,tabla obsoleta
14,ayuda,preguntarespuesta,respuesta,2,,,2,tabla obsoleta
14,ayuda,preguntarespuesta,seccion_id,2,,,2,tabla obsoleta
15,blog,blog,id,3,id,contenido_multimedia,,
15,blog,blog,autor_id,3,persona_id,contenido_multimedia,,
15,blog,blog,titulo,3,titulo,contenido_multimedia,,
15,blog,blog,descripcion,3,contenido,contenido_multimedia,,
15,blog,blog,tipo_blog_id,3,tipo_publicacion_id,contenido_multimedia,,
15,blog,blog,destacado,2,,contenido_multimedia,,
16,blog,boletin,id,3,,,,
16,blog,boletin,orden,3,,,,
16,blog,boletin,nombre,3,,,,
16,blog,boletin,anio,3,,,,
16,blog,boletin,objeto,3,,,,
16,blog,boletin,destacar,3,,,,
16,blog,boletin,archivo,3,,,,
17,blog,post_tags,id,2,,,2,
17,blog,post_tags,post_id,2,,,2,
17,blog,post_tags,tag_id,2,,,2,
18,blog,post,id,3,id,,,
18,blog,post,created_at,3,created_at,,,
18,blog,post,edited_at,3,updated_at,,,
18,blog,post,blog_id,3,,,,
18,blog,post,titulo,3,,,,
18,blog,post,contenido,3,,,,
18,blog,post,fecha_publicacion,3,,,,
18,blog,post,esta_publicado,3,,,,
18,blog,post,esta_vetado,2,,contenido_multimedia,,
18,blog,post,destacado,2,,contenido_multimedia,,
18,blog,post,imagen,3,,,,
18,blog,post,imagen_menu,2,,contenido_multimedia,,
18,blog,post,imagen_menu_seleccionada,2,,contenido_multimedia,,
18,blog,post,ee,,,,,
19,blog,tag,id,2,,,2,
19,blog,tag,nombre,2,,,2,
20,blog,tipoblog,id,3,,,,
20,blog,tipoblog,nombre,3,,,,
21,celery,periodictaskmeta,id,2,,,2,
21,celery,periodictaskmeta,name,2,,,2,
21,celery,periodictaskmeta,last_run_at,2,,,2,
21,celery,periodictaskmeta,total_run_count,2,,,2,
22,celery,taskmeta,id,2,,,2,
22,celery,taskmeta,task_id,2,,,2,
22,celery,taskmeta,status,2,,,2,
22,celery,taskmeta,result,2,,,2,
22,celery,taskmeta,date_done,2,,,2,
22,celery,taskmeta,traceback,2,,,2,
24,congreso,actividadpersona,id,2,,,2,
24,congreso,actividadpersona,created_at,2,,,2,
24,congreso,actividadpersona,edited_at,2,,,2,
24,congreso,actividadpersona,fecha_hora,2,,,2,
24,congreso,actividadpersona,persona_id,2,,,2,
24,congreso,actividadpersona,tipo_id,2,,,2,
24,congreso,actividadpersona,texto,2,,,2,
24,congreso,actividadpersona,content_type_id,2,,,2,
24,congreso,actividadpersona,object_id,2,,,2,
24,congreso,actividadpersona,periodo_id,2,,,2,
25,congreso,alianza,id,2,,,2,
25,congreso,alianza,created_at,2,,,2,
25,congreso,alianza,edited_at,2,,,2,
25,congreso,alianza,congresista_alianza_id,2,,,2,
25,congreso,alianza,congresista_alianza2_id,2,,,2,
25,congreso,alianza,periodo_id,2,,,2,
25,congreso,alianza,partido_id,2,,,2,
26,congreso,alianzapartido,id,2,,,2,
26,congreso,alianzapartido,created_at,2,,,2,
26,congreso,alianzapartido,edited_at,2,,,2,
26,congreso,alianzapartido,tiempo,2,,,2,
26,congreso,alianzapartido,partido_origen_id,2,,,2,
26,congreso,alianzapartido,partido_aliado_id,2,,,2,
27,congreso,aval,id,2,,,2,
27,congreso,aval,nombre,2,,,2,
28,congreso,bancada,id,2,,,2,
28,congreso,bancada,created_at,2,,,2,
28,congreso,bancada,edited_at,2,,,2,
28,congreso,bancada,nombre,2,,,2,
28,congreso,bancada,posicion,2,,,2,
29,congreso,camara,id,1,id,corporacions,,
29,congreso,camara,nombre,1,nombre,corporacions,,
30,congreso,campania_id,id,2,,,2,
30,congreso,campania_sectores,campania_id,2,,,2,
30,congreso,campania_sectores,sectorindustria_id,2,,,2,
31,congreso,campania,id,2,,,2,
31,congreso,campania,created_at,2,,,2,
31,congreso,campania,edited_at,2,,,2,
31,congreso,campania,congresista_id,2,,,2,
31,congreso,campania,partido_id,2,,,2,
31,congreso,campania,aspira,2,,,2,
31,congreso,campania,departamento_id,2,,,2,
31,congreso,campania,sitio_web,2,,,2,
31,congreso,campania,correo,2,,,2,
31,congreso,campania,propuestas,2,,,2,
31,congreso,campania,costo_total,2,,,2,
31,congreso,campania,circunscripcion,2,,,2,
31,congreso,campania,tipo_voto,2,,,2,
31,congreso,campania,formula_id,2,,,2,
31,congreso,campania,contacto_id,2,,,2,
31,congreso,campania,camara_id,2,,,2,
31,congreso,campania,periodo_id,2,,,2,
31,congreso,campania,inversion_dinero,2,,,2,
31,congreso,campania,financiacion_recursos_propios,2,,,2,
31,congreso,campania,financiacion_prestamos,2,,,2,
31,congreso,campania,financiacion_donaciones,2,,,2,
31,congreso,campania,financiacion_empresa_privada,2,,,2,
31,congreso,campania,fuente_financiacion_personas,2,,,2,
31,congreso,campania,circunscripcion_model_id,2,,,2,
31,congreso,campania,numero_lista,2,,,2,
32,congreso,candidatos_concejo,id,2,,,2,
32,congreso,candidatos_concejo,nombre_completo,2,,,2,
32,congreso,candidatos_concejo,nombres,2,,,2,
32,congreso,candidatos_concejo,apellidos,2,,,2,
32,congreso,candidatos_concejo,cedula,2,,,2,
32,congreso,candidatos_concejo,genero,2,,,2,
32,congreso,candidatos_concejo,telefono_candidato,2,,,2,
32,congreso,candidatos_concejo,email_candidato,2,,,2,
32,congreso,candidatos_concejo,sitio_web,2,,,2,
32,congreso,candidatos_concejo,facebook_candidato,2,,,2,
32,congreso,candidatos_concejo,twitter_candidato,2,,,2,
32,congreso,candidatos_concejo,biografia,2,,,2,
32,congreso,candidatos_concejo,partido_id,2,,,2,
32,congreso,candidatos_concejo,propuestas,2,,,2,
32,congreso,candidatos_concejo,tipo_voto,2,,,2,
32,congreso,candidatos_concejo,imagen_concejo,2,,,2,
32,congreso,candidatos_concejo,por_que_votar,2,,,2,
32,congreso,candidatos_concejo,numero_lista,2,,,2,
32,congreso,candidatos_concejo,actualmente_concejal,2,,,2,
33,congreso,cargo,id,3,,,,
33,congreso,cargo,created_at,3,,,,
33,congreso,cargo,edited_at,3,,,,
33,congreso,cargo,persona_id,3,,,,
33,congreso,cargo,sector_id,3,,,,
33,congreso,cargo,cargo,3,,,,
33,congreso,cargo,entidad,3,,,,
33,congreso,cargo,fecha_inicio,3,,,,
33,congreso,cargo,fecha_final,3,,,,
34,congreso,cargocamara,id,3,,,,
34,congreso,cargocamara,nombre,3,,,,
35,congreso,cargocomision,id,1,id,cargos,,
35,congreso,cargocomision,nombre,1,nombre,cargos,,
36,congreso,cargopolitico,id,3,,,,
36,congreso,cargopolitico,created_at,3,,,,
36,congreso,cargopolitico,edited_at,3,,,,
36,congreso,cargopolitico,persona_id,3,,,,
36,congreso,cargopolitico,cargo,3,,,,
36,congreso,cargopolitico,fecha_inicio,3,,,,
36,congreso,cargopolitico,fecha_final,3,,,,
36,congreso,cargopolitico,partido_id,3,,,,
36,congreso,cargopolitico,resultado,3,,,,
36,congreso,cargopolitico,camara_id,3,,,,
36,congreso,cargopolitico,comision_id,3,,,,
37,congreso,circunscripcion,id,1,id,circuncripcions,,
37,congreso,circunscripcion,nombre,1,nombre,circuncripcions,,
37,congreso,circunscripcion,departamento_id,2,,circuncripcions,,
38,congreso,comision,id,1,id,comisions,,
38,congreso,comision,created_at,1,created_at,comisions,,
38,congreso,comision,edited_at,1,updated_at,comisions,,
38,congreso,comision,nombre,1,nombre,comisions,,
38,congreso,comision,camara_id,1,corporacion_id,comisions,,
38,congreso,comision,permanente,2,,comisions,,
38,congreso,comision,descripcion,1,descripcion,comisions,,
38,congreso,comision,imagen,2,,comisions,,
38,congreso,comision,orden,2,,comisions,,
38,congreso,comision,tipo_comision_id,1,tipo_comision_id,comisions,1,
38,congreso,comision,correo,2,,comisions,,
38,congreso,comision,oficina,2,,comisions,,
38,congreso,comision,telefono,2,,comisions,,
38,congreso,comision,url,2,,comisions,,
39,congreso,congresista,persona_ptr_id,1,id,congresistas,,
39,congreso,congresista,partido_politico_id,1,partido_id,congresistas,,
39,congreso,congresista,es_candidato,2,,congresistas,,
39,congreso,congresista,orgullo,2,,congresistas,,
39,congreso,congresista,se_identifica_id,2,,congresistas,,
39,congreso,congresista,ha_reemplazado,2,,congresistas,,Tiene puros falsos
39,congreso,congresista,es_activo,1,activo,congresistas,,
39,congreso,congresista,cantidad_actividades,2,,congresistas,,
39,congreso,congresista,cantidad_comentarios,2,,congresistas,,
39,congreso,congresista,comision_actual_id,2,,congresistas,,
39,congreso,congresista,periodo_actual_id,1,cuatrienio_id,congresistas,,Se agregó el cuatrienio donde estaba el periodo
39,congreso,congresista,es_congresista,2,,congresistas,,
39,congreso,congresista,ha_sido_congresista,2,,congresistas,,
39,congreso,congresista,numero_votos_partido,2,,congresistas,,
39,congreso,congresista,vota_con_partido,2,,congresistas,,
39,congreso,congresista,old_id,2,,congresistas,,
39,congreso,congresista,investigado,2,,congresistas,,
39,congreso,congresista,slug,2,,congresistas,,
39,congreso,congresista,biografia,3,,congresistas,,Este campo podría corresponder al de trayectoria
39,congreso,congresista,campania_actual_id,2,,congresistas,,
39,congreso,congresista,actividad_actual_id,2,,congresistas,,
39,congreso,congresista,numero_oficina,2,,congresistas,,
39,congreso,congresista,telefono_oficina,2,,congresistas,,
39,congreso,congresista,ha_sido_reemplazo,2,,congresistas,,
39,congreso,congresista,tiene_formula_electoral_aspirante_a_la_otra_camara,2,,congresistas,,
39,congreso,congresista,formula_electoral,2,,congresistas,,
39,congreso,congresista,partido_formula_electoral_id,2,,congresistas,,
39,congreso,congresista,ha_estado_en_bancada_diferente,2,,congresistas,,
39,congreso,congresista,ha_ejercido_cargo_diferente,3,,congresistas,,Este campo podría corresponder al de trayectoria
39,congreso,congresista,cargo_popular,2,,congresistas,,
39,congreso,congresista,ha_ejercido_cargo_en_rama_ejecutiva,2,,congresistas,,
39,congreso,congresista,ha_sido_dirigente_sindical,2,,congresistas,,
39,congreso,congresista,ha_sido_dirigente_gremial,2,,congresistas,,
39,congreso,congresista,tiene_pariente_en_la_politica,2,,congresistas,,
39,congreso,congresista,es_representante_camara,2,,congresistas,,
39,congreso,congresista,es_candidato_camara,2,,congresistas,,
39,congreso,congresista,es_senador,2,,congresistas,,
39,congreso,congresista,es_candidato_senador,2,,congresistas,,
39,congreso,congresista,cargo_ejecutivo,2,,congresistas,,
39,congreso,congresista,pariente_politica,2,,congresistas,,
39,congreso,congresista,ha_tenido_pariente_en_la_politica,2,,congresistas,,
39,congreso,congresista,pariente_politica_inactivo,2,,congresistas,,
40,congreso,congresistadebancada,id,2,,,2,
40,congreso,congresistadebancada,created_at,2,,,2,
40,congreso,congresistadebancada,edited_at,2,,,2,
40,congreso,congresistadebancada,fecha_inicio,2,,,2,
40,congreso,congresistadebancada,fecha_fin,2,,,2,
40,congreso,congresistadebancada,congresista_id,2,,,2,
40,congreso,congresistadebancada,bancada_id,2,,,2,
41,congreso,congresistadepartido,id,3,,,,
41,congreso,congresistadepartido,created_at,3,,,,
41,congreso,congresistadepartido,edited_at,3,,,,
41,congreso,congresistadepartido,fecha_inicio,3,,,,
41,congreso,congresistadepartido,fecha_fin,3,,,,
41,congreso,congresistadepartido,congresista_id,3,,,,
41,congreso,congresistadepartido,partido_id,3,,,,
42,congreso,contadorcongresistas,id,2,,,2,
42,congreso,contadorcongresistas,congresistas,2,,,2,
42,congreso,contadorcongresistas,candidatos,2,,,2,
42,congreso,contadorcongresistas,content_type_id,2,,,2,
42,congreso,contadorcongresistas,object_id,2,,,2,
44,congreso,estadopartido,id,2,,,2,
44,congreso,estadopartido,created_at,2,,,2,
44,congreso,estadopartido,edited_at,2,,,2,
44,congreso,estadopartido,nombre,2,,,2,
44,congreso,estadopartido,es_activo,2,,,2,
46,congreso,integrantecamara,id,3,,,,
46,congreso,integrantecamara,created_at,3,,,,
46,congreso,integrantecamara,edited_at,3,,,,
46,congreso,integrantecamara,cargo_id,3,,,,
46,congreso,integrantecamara,fecha_inicio,3,,,,
46,congreso,integrantecamara,fecha_final,3,,,,
46,congreso,integrantecamara,congresista_id,3,,,,
46,congreso,integrantecamara,camara_id,3,,,,
46,congreso,integrantecamara,periodo_id,3,,,,
47,congreso,integrantecomision,id,1,id,comision_miembros,,
47,congreso,integrantecomision,created_at,1,created_at,comision_miembros,,
47,congreso,integrantecomision,edited_at,1,updated_at,comision_miembros,,
47,congreso,integrantecomision,cargo_id,1,comision_cargo_congresista_id,comision_miembros,,Al nombre del campo le faltaba _congresista
47,congreso,integrantecomision,fecha_inicio,3,fecha_inicio,comision_miembros,,
47,congreso,integrantecomision,fecha_final,3,fecha_final,comision_miembros,,
47,congreso,integrantecomision,congresista_id,3,,comision_miembros,,
47,congreso,integrantecomision,comision_id,1,comision_id,comision_miembros,,
47,congreso,integrantecomision,periodo_id,1,cuatrienio_id,comision_miembros,,
48,congreso,link,id,2,,,2,
48,congreso,link,link,2,,,2,
49,congreso,partido_avales,id,2,,,2,
49,congreso,partido_avales,partido_id,2,,,2,
49,congreso,partido_avales,aval_id,2,,,2,
50,congreso,partido_sectores,id,2,,,2,
50,congreso,partido_sectores,partido_id,2,,,2,
50,congreso,partido_sectores,sectorindustria_id,2,,,2,
51,congreso,partido,id,1,id,partidos,,
51,congreso,partido,created_at,1,created_at,partidos,,
51,congreso,partido,edited_at,1,updated_at,partidos,,
51,congreso,partido,nombre,1,nombre,partidos,,
51,congreso,partido,fecha_fundacion,1,fecha_fundacion,partidos,,
51,congreso,partido,lugar_creacion,2,,partidos,,
51,congreso,partido,direccion_sede_principal,1,direccion,partidos,,
51,congreso,partido,sitio_web,1,direccion,partidos,,
51,congreso,partido,twitter,2,,partidos,,
51,congreso,partido,telefono,2,,partidos,,
51,congreso,partido,estatutos,1,estatutos,partidos,,"Estatutos anteriores es una liga, aqu’ es un texto largo"
51,congreso,partido,lineamientos,1,,,,
51,congreso,partido,resenia_historica,2,,,,
51,congreso,partido,propuestas,2,,,,
51,congreso,partido,director_id,2,,,,
51,congreso,partido,secretario_id,2,,,,
51,congreso,partido,representante_legal_id,2,,,,
51,congreso,partido,fundador,2,,partidos,,
51,congreso,partido,posicion_ideologica,2,,partidos,,
51,congreso,partido,,2,,partidos,,
51,congreso,partido,logo,2,,,,
51,congreso,partido,rango_edad_id,2,,partidos,,
51,congreso,partido,telefono_contacto,2,,partidos,,
51,congreso,partido,celular_contacto,2,,partidos,,
51,congreso,partido,correo_contacto,2,,partidos,,
51,congreso,partido,direccion_contacto,2,,partidos,,
51,congreso,partido,estado_id,3,,,,
51,congreso,partido,nombre_contacto,2,,partidos,,
51,congreso,partido,old_id,2,,partidos,,
51,congreso,partido,usuario_id,2,,partidos,,
51,congreso,partido,feed_rss,2,,partidos,,
51,congreso,partido,datos_clave,2,,partidos,,
51,congreso,partido,es_bancada,2,,partidos,,
52,congreso,periodo,id,1,id,cuatrienios,,
52,congreso,periodo,created_at,1,created_at,cuatrienios,,
52,congreso,periodo,edited_at,1,updated_at,cuatrienios,,
52,congreso,periodo,fecha_inicio,1,fecha_inicio,cuatrienios,,
52,congreso,periodo,fecha_fin,1,fecha_final,cuatrienios,,
52,congreso,periodo,old_id,2,,cuatrienios,,
52,congreso,periodo,activo,1,activo,cuatrienios,,
53,congreso,periodocongresista,id,3,,,,
53,congreso,periodocongresista,created_at,3,,,,
53,congreso,periodocongresista,edited_at,3,,,,
53,congreso,periodocongresista,fecha_inicio,3,,,,
53,congreso,periodocongresista,fecha_fin,3,,,,
53,congreso,periodocongresista,tipo_periodo_id,3,,,,
53,congreso,periodocongresista,periodo_id,3,,,,
53,congreso,periodocongresista,partido_id,3,,,,
53,congreso,periodocongresista,congresista_id,3,,,,
53,congreso,periodocongresista,camara_id,3,,,,
53,congreso,periodocongresista,depto_mayor_votacion_id,2,,,,
53,congreso,periodocongresista,numero_lista,2,,,,
53,congreso,periodocongresista,numero_votos,2,,,,
53,congreso,periodocongresista,circunscripcion_id,2,,,,
54,congreso,persona,id,3,,,,
54,congreso,persona,created_at,3,,,,
54,congreso,persona,edited_at,3,,,,
54,congreso,persona,user_id,3,,,,
54,congreso,persona,facebook_id,3,,,,
54,congreso,persona,activation_key,2,,,,
54,congreso,persona,nombres,3,,,,
54,congreso,persona,apellidos,3,,,,
54,congreso,persona,sitio_web,3,,,,
54,congreso,persona,telefono,3,,,,
54,congreso,persona,cedula,2,,,,
54,congreso,persona,lugar_cedula_id,2,,,,
54,congreso,persona,imagen,3,,,,
54,congreso,persona,anio_nacimiento,3,,,,
54,congreso,persona,departamento_nacimiento_id,3,,,,
54,congreso,persona,municipio_nacimiento_id,3,,,,
54,congreso,persona,nivel_educativo,3,,,,
54,congreso,persona,rango_edad_id,3,,,,
54,congreso,persona,profesion_id,3,,,,
54,congreso,persona,genero_id,3,,,,
54,congreso,persona,fecha_fallecimiento,3,,,,
54,congreso,persona,flickr_user,3,,,,
54,congreso,persona,youtube_user,3,,,,
54,congreso,persona,tumblr_user,3,,,,
54,congreso,persona,twitter_user,3,,,,
54,congreso,persona,linkedin_user,3,,,,
54,congreso,persona,blogspot_user,3,,,,
54,congreso,persona,posicion_ideologica,3,,,,
54,congreso,persona,region_nacimiento_id,3,,,,
54,congreso,persona,facebook_user,3,,,,
54,congreso,persona,mini_bio,3,,,,
54,congreso,persona,estrato,2,,,,
54,congreso,persona,idrac,2,,,,
54,congreso,persona,estado_civil,2,,,,
54,congreso,persona,religion,2,,,,
54,congreso,persona,frecuencia_actos_religiosos,2,,,,
55,congreso,posicion,id,2,,,,
55,congreso,posicion,created_at,2,,,,
55,congreso,posicion,edited_at,2,,,,
55,congreso,posicion,congresista_id,2,,,,
55,congreso,posicion,a_favor,2,,,,
55,congreso,posicion,comentario,2,,,,
57,congreso,posicionproposicion,posicion_ptr_id,2,,,,
57,congreso,posicionproposicion,proposicion_id,2,,,,
58,congreso,posiciontemaopinion,posicion_ptr_id,2,,,,
58,congreso,posiciontemaopinion,tema_id,2,,,,
59,congreso,problema_link,id,2,,,2,
59,congreso,problema_link,problema_id,2,,,2,
59,congreso,problema_link,link_id,3,link,investigacions,3,Se requiere hacer join con investigacions
60,congreso,problema,id,3,id,investigacions,,
60,congreso,problema,created_at,3,created_at,investigacions,,
60,congreso,problema,edited_at,3,updated_at,investigacions,,
60,congreso,problema,tipo_problema_id,3,tipo_problema_id,investigacions,,
60,congreso,problema,descripcion,3,descripcion,,,
60,congreso,problema,congresista_id,3,,,,
61,congreso,proposicion,id,2,,,2,
61,congreso,proposicion,created_at,2,,,2,
61,congreso,proposicion,edited_at,2,,,2,
61,congreso,proposicion,nombre,2,,,2,
62,congreso,reemplazo,id,3,,,3,Se requiere valorar si se agrega congresistas con propiedades de remplazo o remplazos
62,congreso,reemplazo,created_at,3,,,3,
62,congreso,reemplazo,edited_at,3,,,3,
62,congreso,reemplazo,congresista_reemplaza_id,3,,,3,
62,congreso,reemplazo,congresista_reemplado_por_id,3,,,3,
62,congreso,reemplazo,periodo_inicial,3,,,3,
62,congreso,reemplazo,periodo_final,3,,,3,
62,congreso,reemplazo,partido_id,3,,,3,
62,congreso,reemplazo,camara_id,3,,,3,
62,congreso,reemplazo,comision_id,3,,,3,
63,congreso,secretario,persona_ptr_id,3,,,3,Los campos no coinciden con el diccionario
63,congreso,secretario,fecha_inicio,3,,,3,Los campos no coinciden con el diccionario
63,congreso,secretario,fecha_final,3,,,3,Los campos no coinciden con el diccionario
63,congreso,secretario,comision_id,3,,,3,Los campos no coinciden con el diccionario
64,congreso,temaopinion,id,2,,,2,
64,congreso,temaopinion,created_at,2,,,2,
64,congreso,temaopinion,edited_at,2,,,2,
64,congreso,temaopinion,nombre,2,,,2,
64,congreso,temaopinion,descripcion,2,,,2,
64,congreso,temaopinion,activo,2,,,2,
64,congreso,temaopinion,obtenido_votacion,2,,,2,
65,congreso,tipoactividad,id,2,,,2,
65,congreso,tipoactividad,nombre,2,,,2,
66,congreso,tipocomision,id,1,id,tipo_comisions,,
66,congreso,tipocomision,nombre,1,nombre,tipo_comisions,,
67,congreso,tipoperiodo,id,2,,,2,
67,congreso,tipoperiodo,nombre,2,,,2,
68,congreso,tipoproblema,id,3,,,,
68,congreso,tipoproblema,nombre,3,,,,
69,congreso,trayectoria,id,1,,,,
69,congreso,trayectoria,id_candidato_concejo_id,2,,,,
69,congreso,trayectoria,trayectoria_anio,2,,,,
69,congreso,trayectoria,cargo,2,,,,
69,congreso,trayectoria,partido,2,,,,
69,congreso,trayectoria,votos,2,,,,
69,congreso,trayectoria,es_electo,2,,,,
70,corte,sentencia,id,2,,,2,
70,corte,sentencia,proyecto_id,2,,,2,
70,corte,sentencia,anio,2,,,2,
70,corte,sentencia,cod_sentencia,2,,,2,
70,corte,sentencia,num_sentencia,2,,,2,
70,corte,sentencia,tipo_caso_id,2,,,2,
70,corte,sentencia,id_norma,2,,,2,
70,corte,sentencia,titulo_norma,2,,,2,
70,corte,sentencia,mas_normas,2,,,2,
70,corte,sentencia,otras_normas,2,,,2,
70,corte,sentencia,numero_camara,2,,,2,
70,corte,sentencia,numero_senado,2,,,2,
70,corte,sentencia,tipo_demanda_id,2,,,2,
70,corte,sentencia,oficio,2,,,2,
70,corte,sentencia,fecha_norma,2,,,2,
71,corte,tipocaso,id,2,,,2,
71,corte,tipocaso,descripcion,2,,,2,
72,corte,tipodemanda,id,2,,,2,
72,corte,tipodemanda,descripcion,2,,,2,
73,CorteAdd,magistrado_ponente,id,2,,,2,
73,CorteAdd,magistrado_ponente,nombre,2,,,2,
74,CorteAdd,sentencia_info,id,2,,,2,
74,CorteAdd,sentencia_info,proyecto_id,2,,,2,
74,CorteAdd,sentencia_info,anio,2,,,2,
74,CorteAdd,sentencia_info,cod_sentencia,2,,,2,
74,CorteAdd,sentencia_info,num_sentencia,2,,,2,
74,CorteAdd,sentencia_info,tipo_caso_id,2,,,2,
74,CorteAdd,sentencia_info,id_norma,2,,,2,
74,CorteAdd,sentencia_info,tema_norma_id,2,,,2,
74,CorteAdd,sentencia_info,tipo_norma_id,2,,,2,
74,CorteAdd,sentencia_info,titulo_norma,2,,,2,
74,CorteAdd,sentencia_info,mas_normas,2,,,2,
74,CorteAdd,sentencia_info,otras_normas,2,,,2,
74,CorteAdd,sentencia_info,numero_camara,2,,,2,
74,CorteAdd,sentencia_info,numero_senado,2,,,2,
74,CorteAdd,sentencia_info,tipo_demanda_id,2,,,2,
74,CorteAdd,sentencia_info,oficio,2,,,2,
74,CorteAdd,sentencia_info,fecha_norma,2,,,2,
74,CorteAdd,sentencia_info,fecha_sentencia,2,,,2,
74,CorteAdd,sentencia_info,nombres_demandante_1,2,,,2,
74,CorteAdd,sentencia_info,apellidos_demandante_1,2,,,2,
74,CorteAdd,sentencia_info,nombres_demandante_2,2,,,2,
74,CorteAdd,sentencia_info,apellidos_demandante_2,2,,,2,
74,CorteAdd,sentencia_info,nombres_demandante_3,2,,,2,
74,CorteAdd,sentencia_info,apellidos_demandante_3,2,,,2,
74,CorteAdd,sentencia_info,nombres_demandante_4,2,,,2,
74,CorteAdd,sentencia_info,apellidos_demandante_4,2,,,2,
74,CorteAdd,sentencia_info,nombres_demandante_5,2,,,2,
74,CorteAdd,sentencia_info,apellidos_demandante_5,2,,,2,
74,CorteAdd,sentencia_info,nombre_procurador,2,,,2,
74,CorteAdd,sentencia_info,apellidos_procurador,2,,,2,
74,CorteAdd,sentencia_info,concepto_procurador,2,,,2,
74,CorteAdd,sentencia_info,decision_corte,2,,,2,
74,CorteAdd,sentencia_info,relator,2,,,2,
74,CorteAdd,sentencia_info,magistrado_ponente_id,2,,,2,
74,CorteAdd,sentencia_info,articulo_1,2,,,2,
74,CorteAdd,sentencia_info,articulo_2,2,,,2,
74,CorteAdd,sentencia_info,articulo_3,2,,,2,
74,CorteAdd,sentencia_info,articulo_4,2,,,2,
74,CorteAdd,sentencia_info,articulo_5,2,,,2,
74,CorteAdd,sentencia_info,articulo_6,2,,,2,
74,CorteAdd,sentencia_info,articulo_7,2,,,2,
74,CorteAdd,sentencia_info,articulo_8,2,,,2,
74,CorteAdd,sentencia_info,articulo_9,2,,,2,
74,CorteAdd,sentencia_info,articulo_10,2,,,2,
74,CorteAdd,sentencia_info,url,2,,,2,
75,CorteAdd,tema_norma,id,2,,,2,
75,CorteAdd,tema_norma,nombre,2,,,2,
76,CorteAdd,tipo_de_caso,id,2,,,2,
76,CorteAdd,tipo_de_caso,nombre,2,,,2,
77,CorteAdd,tipo_de_demanda,id,2,,,2,
77,CorteAdd,tipo_de_demanda,nombre,2,,,2,
78,CorteAdd,tipo_norma,id,2,,,2,
78,CorteAdd,tipo_norma,nombre,2,,,2,
80,django,admin_log,id,2,,,2,
80,django,admin_log,action_time,2,,,2,
80,django,admin_log,user_id,2,,,2,
80,django,admin_log,content_type_id,2,,,2,
80,django,admin_log,object_id,2,,,2,
80,django,admin_log,object_repr,2,,,2,
80,django,admin_log,action_flag,2,,,2,
80,django,admin_log,change_message,2,,,2,
81,django,comment_flags,id,2,,,2,
81,django,comment_flags,user_id,2,,,2,
81,django,comment_flags,comment_id,2,,,2,
81,django,comment_flags,flag,2,,,2,
81,django,comment_flags,flag_date,2,,,2,
82,django,comments,id,2,,,2,
82,django,comments,content_type_id,2,,,2,
82,django,comments,object_pk,2,,,2,
82,django,comments,site_id,2,,,2,
82,django,comments,user_id,2,,,2,
82,django,comments,user_name,2,,,2,
82,django,comments,user_email,2,,,2,
82,django,comments,user_url,2,,,2,
82,django,comments,comment,2,,,2,
82,django,comments,submit_date,2,,,2,
82,django,comments,ip_address,2,,,2,
82,django,comments,is_public,2,,,2,
82,django,comments,is_removed,2,,,2,
83,django,content_type,id,2,,,2,
83,django,content_type,name,2,,,2,
83,django,content_type,app_label,2,,,2,
83,django,content_type,model,2,,,2,
85,django,flatpage_sites,id,2,,,2,
85,django,flatpage_sites,flatpage_id,2,,,2,
85,django,flatpage_sites,site_id,2,,,2,
86,django,flatpage,id,2,,,2,
86,django,flatpage,url,2,,,2,
86,django,flatpage,title,2,,,2,
86,django,flatpage,content,2,,,2,
86,django,flatpage,enable_comments,2,,,2,
86,django,flatpage,template_name,2,,,2,
86,django,flatpage,registration_required,2,,,2,
87,django,project_version,id,2,,,2,
87,django,project_version,signature,2,,,2,
87,django,project_version,when,2,,,2,
89,django,session,session_key,2,,,2,
89,django,session,session_data,2,,,2,
89,django,session,expire_date,2,,,2,
90,django,site,id,2,,,2,
90,django,site,domain,2,,,2,
90,django,site,name,2,,,2,
91,facebookconnect,facebookprofile,id,3,,,,
91,facebookconnect,facebookprofile,user_id,3,,,,
91,facebookconnect,facebookprofile,facebook_id,3,,,,
93,general,departamento,id,1,id,regions,,
93,general,departamento,nombre,1,nombre,regions,,
93,general,departamento,region_id,1,region_id,regions,,
93,general,departamento,old_id,2,,regions,,
94,general,genero,id,1,id,generos,,
94,general,genero,nombre,1,nombre,generos,,
95,general,municipio,id,1,id,municipios,,
95,general,municipio,nombre,1,nombre,municipios,,
95,general,municipio,departamento_id,1,departamento_id,municipios,,
96,general,profesion,id,1,id,profensions,,
96,general,profesion,nombre,1,nombre,profensions,,
97,general,rangoedad,id,2,,,2,
97,general,rangoedad,edad_minima,2,,,2,
97,general,rangoedad,edad_maxima,2,,,2,
98,general,region,id,2,,,2,
98,general,region,nombre,2,,,2,
99,general,sectorindustria,id,2,,,2,
99,general,sectorindustria,nombre,2,,,2,
100,general,tema,id,1,id,tema_proyecto_leys,,
100,general,tema,created_at,1,created_at,tema_proyecto_leys,,
100,general,tema,edited_at,1,updated_at,tema_proyecto_leys,,
100,general,tema,nombre,1,nombre,tema_proyecto_leys,,
100,general,tema,descripcion,3,descripción,tema_proyecto_leys,,
100,general,tema,activo,1,activo,tema_proyecto_leys,,
101,grappelli,bookmark,id,2,,,2,
101,grappelli,bookmark,user_id,2,,,2,
102,grappelli,bookmarkitem,id,2,,,2,
102,grappelli,bookmarkitem,bookmark_id,2,,,2,
102,grappelli,bookmarkitem,title,2,,,2,
102,grappelli,bookmarkitem,link,2,,,2,
102,grappelli,bookmarkitem,order,2,,,2,
109,grupo,grupo,id,2,,,2,
109,grupo,grupo,created_at,2,,,2,
109,grupo,grupo,edited_at,2,,,2,
109,grupo,grupo,persona_id,2,,,2,
109,grupo,grupo,nombre_grupo,2,,,2,
109,grupo,grupo,nombre_contacto,2,,,2,
109,grupo,grupo,email_contacto,2,,,2,
109,grupo,grupo,sitio_web,2,,,2,
109,grupo,grupo,fecha_fundacion,2,,,2,
109,grupo,grupo,objetivos,2,,,2,
109,grupo,grupo,activo,2,,,2,
109,grupo,grupo,imagen,2,,,2,
109,grupo,grupo,direccion,2,,,2,
109,grupo,grupo,mision,2,,,2,
109,grupo,grupo,vision,2,,,2,
109,grupo,grupo,telefono,2,,,2,
109,grupo,grupo,twitter,2,,,2,
109,grupo,grupo,descripcion,2,,,2,
109,grupo,grupo,facebook,2,,,2,
110,home,banner,id,2,,,2,
110,home,banner,titulo,2,,,2,
110,home,banner,texto,2,,,2,
110,home,banner,img,2,,,2,
110,home,banner,activo,2,,,2,
110,home,banner,orden,2,,,2,
110,home,banner,link,2,,,2,
111,home,feedhome,id,2,,,2,
111,home,feedhome,nombre,2,,,2,
111,home,feedhome,feed_rss,2,,,2,
111,home,feedhome,enlace,2,,,2,
111,home,feedhome,logo,2,,,2,
111,home,feedhome,activo,2,,,2,
112,home,frasemencion,id,2,,,2,
112,home,frasemencion,frase,2,,,2,
112,home,frasemencion,sitio,2,,,2,
112,home,frasemencion,enlace,2,,,2,
113,home,linkfooter,id,2,,,2,
113,home,linkfooter,nombre,2,,,2,
113,home,linkfooter,enlace,2,,,2,
113,home,linkfooter,activo,2,,,2,
113,home,linkfooter,orden,2,,,2,
114,home,seccionhome,id,2,,,2,
114,home,seccionhome,nombre,2,,,2,
114,home,seccionhome,nombre_template,2,,,2,
114,home,seccionhome,activo,2,,,2,
114,home,seccionhome,orden,2,,,2,
117,lib,counter,id,2,,,2,
117,lib,counter,entity_content_type_id,2,,,2,
117,lib,counter,count,2,,,2,
117,lib,counter,counted_content_type_id,2,,,2,
117,lib,counter,counted_object_id,2,,,2,
118,openid,consumer_association,id,2,,,2,
118,openid,consumer_association,server_url,2,,,2,
118,openid,consumer_association,handle,2,,,2,
118,openid,consumer_association,secret,2,,,2,
118,openid,consumer_association,issued,2,,,2,
118,openid,consumer_association,lifetime,2,,,2,
118,openid,consumer_association,assoc_type,2,,,2,
119,openid,consumer_nonce,id,2,,,2,
119,openid,consumer_nonce,server_url,2,,,2,
119,openid,consumer_nonce,timestamp,2,,,2,
119,openid,consumer_nonce,salt,2,,,2,
120,orden,del_dia_cargocitado,id,2,,,,
120,orden,del_dia_cargocitado,created_at,2,,,,
120,orden,del_dia_cargocitado,edited_at,2,,,,
120,orden,del_dia_cargocitado,nombre,2,,,,
120,orden,del_dia_cargocitado,old_id,2,,,,
121,orden,del_dia_citacion_citantes,id,1,,,,
121,orden,del_dia_citacion_citantes,citacion_id,1,,,,
121,orden,del_dia_citacion_citantes,congresista_id,1,,,,
122,orden,del_dia_citacion_otros_invitados,id,3,,,,
122,orden,del_dia_citacion_otros_invitados,citacion_id,3,,,,
122,orden,del_dia_citacion_otros_invitados,persona_id,3,,,,
123,orden,del_dia_citacion,itemdeordendeldia_ptr_id,2,,,,
123,orden,del_dia_citacion,tipo_id,3,,,,
123,orden,del_dia_citacion,tema_principal_id,3,,,,
123,orden,del_dia_citacion,tema_secundario_id,2,,,,
123,orden,del_dia_citacion,plenaria,3,,,,
123,orden,del_dia_citacion,tags,3,,,,
123,orden,del_dia_citacion,fecha_proposicion,2,,,,
123,orden,del_dia_citacion,old_id,2,,,,
123,orden,del_dia_citacion,detalles,2,,,,
123,orden,del_dia_citacion,gacetas,3,,,,
123,orden,del_dia_citacion,cuestionario,3,,,,
123,orden,del_dia_citacion,numero_proposicion,2,,,,
123,orden,del_dia_citacion,respuesta,3,,,,
123,orden,del_dia_citacion,duplicado,2,,,,
124,orden,del_dia_citado,id,2,,,,
124,orden,del_dia_citado,created_at,2,,,,
124,orden,del_dia_citado,edited_at,2,,,,
124,orden,del_dia_citado,nombres,2,,,,
124,orden,del_dia_citado,entidad_id,2,,,,
124,orden,del_dia_citado,cargo_id,2,,,,
124,orden,del_dia_citado,old_id,2,,,,
124,orden,del_dia_citado,imagen,2,,,,
125,orden,del_dia_citadoasistentecitacion,id,2,,,,
125,orden,del_dia_citadoasistentecitacion,citacion_id,2,,,,
125,orden,del_dia_citadoasistentecitacion,citado_id,2,,,,
125,orden,del_dia_citadoasistentecitacion,asiste,2,,,,
125,orden,del_dia_citadoasistentecitacion,delega_asistencia,2,,,,
125,orden,del_dia_citadoasistentecitacion,excuso,2,,,,
126,orden,del_dia_entidadcitado,id,2,,,,
126,orden,del_dia_entidadcitado,created_at,2,,,,
126,orden,del_dia_entidadcitado,edited_at,2,,,,
126,orden,del_dia_entidadcitado,nombre,2,,,,
126,orden,del_dia_entidadcitado,old_id,2,,,,
127,orden,del_dia_invitadoasistentecitacion,id,2,,,,
127,orden,del_dia_invitadoasistentecitacion,citacion_id,2,,,,
127,orden,del_dia_invitadoasistentecitacion,citado_id,2,,,,
127,orden,del_dia_invitadoasistentecitacion,asiste,2,,,,
127,orden,del_dia_invitadoasistentecitacion,delega_asistencia,2,,,,
127,orden,del_dia_invitadoasistentecitacion,excuso,2,,,,
128,orden,del_dia_itemdeordendeldia,id,2,,,,
128,orden,del_dia_itemdeordendeldia,orden,2,,,,
128,orden,del_dia_itemdeordendeldia,proposito,2,,,,
128,orden,del_dia_itemdeordendeldia,importante,2,,,,
128,orden,del_dia_itemdeordendeldia,orden_del_dia_id,2,,,,
128,orden,del_dia_itemdeordendeldia,realizado,2,,,,
128,orden,del_dia_itemdeordendeldia,menu_realizado,2,,,,
129,orden,del_dia_ordendeldia_camaras,id,3,,,,
129,orden,del_dia_ordendeldia_camaras,ordendeldia_id,3,,,,
129,orden,del_dia_ordendeldia_camaras,camara_id,3,,,,
130,orden,del_dia_ordendeldia_comisiones,id,3,,,,
130,orden,del_dia_ordendeldia_comisiones,ordendeldia_id,3,,,,
130,orden,del_dia_ordendeldia_comisiones,comision_id,3,,,,
131,orden,del_dia_ordendeldia,id,3,,,,
131,orden,del_dia_ordendeldia,fecha_programada,3,,,,
131,orden,del_dia_ordendeldia,fecha_realizada,3,,,,
131,orden,del_dia_ordendeldia,comentarios,3,,,,
131,orden,del_dia_ordendeldia,cuatrienio_id,3,,,,
131,orden,del_dia_ordendeldia,realizado,3,,,,
132,orden,del_dia_proyectoenordendia,itemdeordendeldia_ptr_id,2,,,,
132,orden,del_dia_proyectoenordendia,proyecto_id,2,,,,
133,orden,del_dia_tipocitacion,id,3,,,,
133,orden,del_dia_tipocitacion,nombre,3,,,,
135,proyecto,de_ley_autorproyectoley,id,1,id,proyecto_ley_autors,,
135,proyecto,de_ley_autorproyectoley,created_at,1,created_at,proyecto_ley_autors,,
135,proyecto,de_ley_autorproyectoley,edited_at,1,updated_at,proyecto_ley_autors,,
135,proyecto,de_ley_autorproyectoley,tipo_autor_id,1,tipo_autor_id,proyecto_ley_autors,,No se identifica a que se refiere
135,proyecto,de_ley_autorproyectoley,autor_id,1,congresista_id,"proyecto_ley_autors, proyecto_ley_autor_otros",1,Se necesita identificar que autores son congresistas y cuales no
135,proyecto,de_ley_autorproyectoley,proyecto_ley_id,1,proyecto_ley_id,proyecto_ley_autors,,
136,proyecto,de_ley_clasevotacion,id,,,,,
136,proyecto,de_ley_clasevotacion,nombre,,,,,
136,proyecto,de_ley_clasevotacion,descripcion,,,,,
137,proyecto,de_ley_estadodeproyectodeley_comisiones,id,3,,,,
137,proyecto,de_ley_estadodeproyectodeley_comisiones,estadodeproyectodeley_id,3,,,,
137,proyecto,de_ley_estadodeproyectodeley_comisiones,comision_id,3,,,,
138,proyecto,de_ley_estadodeproyectodeley_ponentes,id,1,id,proyecto_ley_ponentes,,
138,proyecto,de_ley_estadodeproyectodeley_ponentes,estadodeproyectodeley_id,3,proyecto_ley_estado_id,proyecto_ley_ponentes,,
138,proyecto,de_ley_estadodeproyectodeley_ponentes,congresista_id,3,congresista_id,proyecto_ley_ponentes,,La opción debe provenir de un catálogo
139,proyecto,de_ley_estadodeproyectodeley,id,1,id,proyecto_ley_estados,,
139,proyecto,de_ley_estadodeproyectodeley,fecha,1,fecha,proyecto_ley_estados,,
139,proyecto,de_ley_estadodeproyectodeley,estado_id,1,estado_proyecto_ley_id,proyecto_ley_estados,,
139,proyecto,de_ley_estadodeproyectodeley,proyecto_id,1,proyecto_ley_id,proyecto_ley_estados,,
139,proyecto,de_ley_estadodeproyectodeley,gaceta,1,gaceta_texto,proyecto_ley_estados,,
139,proyecto,de_ley_estadodeproyectodeley,old_id,2,,proyecto_ley_estados,,
139,proyecto,de_ley_estadodeproyectodeley,nota,2,,proyecto_ley_estados,,
139,proyecto,de_ley_estadodeproyectodeley,camara_id,1,corporacion_id,proyecto_ley_estados,,
139,proyecto,de_ley_estadodeproyectodeley,numero_titulos,2,,proyecto_ley_estados,,
139,proyecto,de_ley_estadodeproyectodeley,numero_articulos,2,,proyecto_ley_estados,,
139,proyecto,de_ley_estadodeproyectodeley,observaciones,2,,proyecto_ley_estados,,
139,proyecto,de_ley_estadodeproyectodeley,orden,3,orden,proyecto_ley_estados,,
140,proyecto,de_ley_estadoproyectoley,id,1,id,estado_proyecto_leys,,
140,proyecto,de_ley_estadoproyectoley,nombre,1,nombre,estado_proyecto_leys,,
140,proyecto,de_ley_estadoproyectoley,old_id,2,,estado_proyecto_leys,,
141,proyecto,de_ley_iniciativa,id,1,id,iniciativas,,
141,proyecto,de_ley_iniciativa,nombre,1,nombre,iniciativas,,
142,proyecto,de_ley_legislatura,id,1,id,legislaturas,,
142,proyecto,de_ley_legislatura,nombre,1,nombre,legislaturas,,
142,proyecto,de_ley_legislatura,fecha_inicio,1,fechaInicio,legislaturas,,Se está cambiando de lógica de nombre de snake a camel
142,proyecto,de_ley_legislatura,fecha_fin,1,fechaFin,legislaturas,,Se está cambiando de lógica de nombre de snake a camel
142,proyecto,de_ley_legislatura,cuatrienio_id,1,cuatrienio_id,legislaturas,,
143,proyecto,de_ley_otroautor,id,3,,,,
143,proyecto,de_ley_otroautor,created_at,3,,,,
143,proyecto,de_ley_otroautor,edited_at,3,,,,
143,proyecto,de_ley_otroautor,nombre,3,,,,
143,proyecto,de_ley_otroautor,imagen,3,,,,
144,proyecto,de_ley_proyectoley,id,1,id,proyecto_leys,,
144,proyecto,de_ley_proyectoley,created_at,1,created_at,proyecto_leys,,
144,proyecto,de_ley_proyectoley,edited_at,1,updated_at,proyecto_leys,,
144,proyecto,de_ley_proyectoley,tipo_proyecto_id,1,tipo_proyecto_id,proyecto_leys,,
144,proyecto,de_ley_proyectoley,titulo,1,titulo,proyecto_leys,,
144,proyecto,de_ley_proyectoley,tema_principal_id,1,tema_proyecto_ley_id,proyecto_leys,,Se agregó proyecto_ley
144,proyecto,de_ley_proyectoley,tema_secundario_id,2,,proyecto_leys,,Solamente se consider— tema principal
144,proyecto,de_ley_proyectoley,sinapsis,1,sinopsis,proyecto_leys,,
144,proyecto,de_ley_proyectoley,numero_camara,1,numero_camara,proyecto_leys,,
144,proyecto,de_ley_proyectoley,numero_senado,1,numero_senado,proyecto_leys,,
144,proyecto,de_ley_proyectoley,estado_actual_id,1,estado_proyecto_ley_id,proyecto_leys,,Duda
144,proyecto,de_ley_proyectoley,fecha_radicacion,1,fecha_radicacion,proyecto_leys,,
144,proyecto,de_ley_proyectoley,periodo_id,1,cuatrienio_id,proyecto_leys,,
144,proyecto,de_ley_proyectoley,iniciativa_id,1,iniciativa_id,proyecto_leys,,
144,proyecto,de_ley_proyectoley,tags,1,tags,proyecto_leys,,
144,proyecto,de_ley_proyectoley,old_id,2,,proyecto_leys,,
144,proyecto,de_ley_proyectoley,se_acumula_a_id,1,se_acumula_a_id,proyecto_leys,,
144,proyecto,de_ley_proyectoley,camara_id,1,corporacion_id,proyecto_leys,,
144,proyecto,de_ley_proyectoley,legislatura_id,1,legislatura_id,proyecto_leys,,
144,proyecto,de_ley_proyectoley,enlace_a_texto,2,,proyecto_leys,,
144,proyecto,de_ley_proyectoley,enlace_a_informe_derecho_justo,2,,proyecto_leys,,
144,proyecto,de_ley_proyectoley,estado_proyecto_ley_actual_id,3,,proyecto_leys,,"No entiendo para que sirve, parece un identificador"
144,proyecto,de_ley_proyectoley,alias,2,alias,proyecto_leys,,Alias no esté en el diccionario
144,proyecto,de_ley_proyectoley,importancia,2,,proyecto_leys,,
144,proyecto,de_ley_proyectoley,destacado,2,,proyecto_leys,,
144,proyecto,de_ley_proyectoley,alcance,3,alcance,proyecto_leys,,
144,proyecto,de_ley_proyectoley,norma,2,,proyecto_leys,,Alcance no esté en el diccionario
145,proyecto,de_ley_textos_comparacion,id,2,,,2,No se entiende. Se cree obsoleta la tabla completa
145,proyecto,de_ley_textos_comparacion,base_id,2,,,2,No se entiende. Se cree obsoleta la tabla completa
145,proyecto,de_ley_textos_comparacion,modificado_id,2,,,2,No se entiende. Se cree obsoleta la tabla completa
145,proyecto,de_ley_textos_comparacion,orden,2,,,2,No se entiende. Se cree obsoleta la tabla completa
145,proyecto,de_ley_textos_comparacion,proyecto_id,2,,,2,No se entiende. Se cree obsoleta la tabla completa
145,proyecto,de_ley_textos_comparacion,diferencias_encoded,2,,,2,No se entiende. Se cree obsoleta la tabla completa
146,proyecto,de_ley_textos_textoproyectoley,id,2,,,2,Tabla obseleta.
146,proyecto,de_ley_textos_textoproyectoley,created_at,2,,,2,Tabla obseleta.
146,proyecto,de_ley_textos_textoproyectoley,edited_at,2,,,2,Tabla obseleta.
146,proyecto,de_ley_textos_textoproyectoley,proyecto_ley_id,2,,,2,Tabla obseleta.
146,proyecto,de_ley_textos_textoproyectoley,estado_proyecto_ley_id,2,,,2,Tabla obseleta.
146,proyecto,de_ley_textos_textoproyectoley,texto_html,2,,,2,Tabla obseleta.
146,proyecto,de_ley_textos_textoproyectoley,texto_plano,2,,,2,Tabla obseleta.
147,proyecto,de_ley_tipoproyecto,id,1,id,tipo_proyectos,,La tabla debería llamarse tipo_proyecto_leys
147,proyecto,de_ley_tipoproyecto,nombre,1,nombre,tipo_proyectos,,La tabla debería llamarse tipo_proyecto_leys
148,proyecto,de_ley_tipovotacion,id,3,,,,A considerar
148,proyecto,de_ley_tipovotacion,nombre,3,,,,A considerar
148,proyecto,de_ley_tipovotacion,procedimental,3,,,,A considerar
148,proyecto,de_ley_tipovotacion,descripcion,3,,,,A considerar
149,proyecto,de_ley_votacion_camaras,id,1,,,,
149,proyecto,de_ley_votacion_camaras,votacion_id,1,,,,
149,proyecto,de_ley_votacion_camaras,camara_id,1,,,,
150,proyecto,de_ley_votacion_comisiones,id,1,,,,
150,proyecto,de_ley_votacion_comisiones,votacion_id,1,,,,
150,proyecto,de_ley_votacion_comisiones,comision_id,1,,,,
151,proyecto,de_ley_votacion_estados_proyecto,id,,,,,
151,proyecto,de_ley_votacion_estados_proyecto,votacion_id,,,,,
151,proyecto,de_ley_votacion_estados_proyecto,estadodeproyectodeley_id,,,,,
152,proyecto,de_ley_votacion,id,1,,,,
152,proyecto,de_ley_votacion,created_at,1,,,,
152,proyecto,de_ley_votacion,edited_at,1,,,,
152,proyecto,de_ley_votacion,fecha,1,,,,
152,proyecto,de_ley_votacion,proyecto_id,1,,,,
152,proyecto,de_ley_votacion,motivo,2,,,,
152,proyecto,de_ley_votacion,a_favor,3,,,,
152,proyecto,de_ley_votacion,en_contra,3,,,,
152,proyecto,de_ley_votacion,votosFavor,2,,,,
152,proyecto,de_ley_votacion,votosContra,2,,,,
152,proyecto,de_ley_votacion,aprobado,2,,,,
152,proyecto,de_ley_votacion,tipo_votacion_id,2,,,,
152,proyecto,de_ley_votacion,gaceta,2,,,,
152,proyecto,de_ley_votacion,acta,2,,,,
152,proyecto,de_ley_votacion,observaciones,2,,,,
152,proyecto,de_ley_votacion,votacion_en_dia,2,,,,
152,proyecto,de_ley_votacion,destacada,2,,,,
152,proyecto,de_ley_votacion,old_id,2,,,,
152,proyecto,de_ley_votacion,aprobada,2,,,,
152,proyecto,de_ley_votacion,cuatrienio_id,3,,,,
152,proyecto,de_ley_votacion,votosAbstencion,2,,,,
152,proyecto,de_ley_votacion,numero_no_asistencias,2,,,,
152,proyecto,de_ley_votacion,clase_votacion_id,2,,,,
152,proyecto,de_ley_votacion,numero_asistencias,3,,,,
152,proyecto,de_ley_votacion,datos_importacion,2,,,,
152,proyecto,de_ley_votacion,resultados_importacion,2,,,,
153,proyecto,de_ley_votacionpartido,id,2,,,,
153,proyecto,de_ley_votacionpartido,created_at,2,,,,
153,proyecto,de_ley_votacionpartido,edited_at,2,,,,
153,proyecto,de_ley_votacionpartido,numero_votos_si,2,,,,
153,proyecto,de_ley_votacionpartido,numero_votos_no,2,,,,
153,proyecto,de_ley_votacionpartido,numero_votos_abstencion,2,,,,
153,proyecto,de_ley_votacionpartido,opcion_preferida,2,,,,
153,proyecto,de_ley_votacionpartido,partido_id,2,,,,
153,proyecto,de_ley_votacionpartido,votacion_id,2,,,,
154,proyecto,de_ley_voto,id,3,,,,
154,proyecto,de_ley_voto,created_at,3,,,,
154,proyecto,de_ley_voto,edited_at,3,,,,
154,proyecto,de_ley_voto,votacion_id,3,,,,
154,proyecto,de_ley_voto,voto,3,,,,
154,proyecto,de_ley_voto,congresista_id,3,,,,
155,proyecto,de_ley_votociudadano,id,2,,,,
155,proyecto,de_ley_votociudadano,voto,2,,,,
155,proyecto,de_ley_votociudadano,votante_id,2,,,,
155,proyecto,de_ley_votociudadano,proyecto_id,2,,,,
156,reportes,reporte,id,3,,,,
156,reportes,reporte,nombre,3,,,,
156,reportes,reporte,descripcion,3,,,,
156,reportes,reporte,enlace,3,,,,
156,reportes,reporte,activo,3,,,,
156,reportes,reporte,orden,3,,,,
157,sentencias,articulo,id,2,,,2,
157,sentencias,articulo,numero_articulo,2,,,2,
157,sentencias,articulo,sentencia_id,2,,,2,
158,sentencias,demandante,id,2,,,2,
158,sentencias,demandante,nombres,2,,,2,
158,sentencias,demandante,apellidos,2,,,2,
158,sentencias,demandante,sentencia_id,2,,,2,
160,sentencias,expediente,id,2,,,2,
160,sentencias,expediente,numero_expediente,2,,,2,
160,sentencias,expediente,sentencia_id,2,,,2,
161,sentencias,general,id,2,,,2,
161,sentencias,general,proyecto_id,2,,,2,
161,sentencias,general,codigo_sentencia,2,,,2,
161,sentencias,general,anio,2,,,2,
161,sentencias,general,expedientes_id,2,,,2,
161,sentencias,general,demandante_congresista,2,,,2,
161,sentencias,general,demandantes_id,2,,,2,
161,sentencias,general,partido_congresista_id,2,,,2,
161,sentencias,general,admision,2,,,2,
161,sentencias,general,motivo_inadmision_id,2,,,2,
161,sentencias,general,tipo_caso,2,,,2,
161,sentencias,general,id_norma,2,,,2,
161,sentencias,general,titulo_norma,2,,,2,
161,sentencias,general,mas_normas,2,,,2,
161,sentencias,general,otras_normas,2,,,2,
161,sentencias,general,numero_camara,2,,,2,
161,sentencias,general,numero_senado,2,,,2,
161,sentencias,general,tipo_demanda,2,,,2,
161,sentencias,general,oficio,2,,,2,
161,sentencias,general,articulos_id,2,,,2,
161,sentencias,general,fecha_norma,2,,,2,
161,sentencias,general,fecha_demanda,2,,,2,
161,sentencias,general,fecha_admision,2,,,2,
161,sentencias,general,fecha_sentencia,2,,,2,
161,sentencias,general,tema_norma_id,2,,,2,
161,sentencias,general,tipo_norma_id,2,,,2,
161,sentencias,general,procurador_id,2,,,2,
161,sentencias,general,concepto_procurador,2,,,2,
161,sentencias,general,ministerio_id,2,,,2,
161,sentencias,general,conceptos_intervenciones_id,2,,,2,
161,sentencias,general,intervencion_ciudadana,2,,,2,
161,sentencias,general,concepto_intervencion_cudadana,2,,,2,
161,sentencias,general,intervinientes_id,2,,,2,
161,sentencias,general,presidente_id,2,,,2,
161,sentencias,general,magistrado_original_id,2,,,2,
161,sentencias,general,magistrado_definitivo_id,2,,,2,
161,sentencias,general,decision,2,,,2,
161,sentencias,general,cosa_juzgada,2,,,2,
161,sentencias,general,numero_anio_sentencia_id,2,,,2,
161,sentencias,general,votacion_magistrados_id,2,,,2,
161,sentencias,general,relator,2,,,2,
161,sentencias,general,exhorto,2,,,2,
161,sentencias,general,participacion_conjuez,2,,,2,
161,sentencias,general,primer_salvamento_voto,2,,,2,
161,sentencias,general,sent_anio_primer_salv_id,2,,,2,
161,sentencias,general,segundo_salvamento_voto,2,,,2,
161,sentencias,general,sent_anio_segundo_salv_id,2,,,2,
161,sentencias,general,otras_decisiones,2,,,2,
162,sentencias,intervenciones_y_conceptos,id,2,,,2,
162,sentencias,intervenciones_y_conceptos,nombre_id,2,,,2,
162,sentencias,intervenciones_y_conceptos,intervencion,2,,,2,
162,sentencias,intervenciones_y_conceptos,concepto,2,,,2,
162,sentencias,intervenciones_y_conceptos,sentencia_id,2,,,2,
163,sentencias,interviniente,id,2,,,2,
163,sentencias,interviniente,nombres,2,,,2,
163,sentencias,interviniente,apellidos,2,,,2,
163,sentencias,interviniente,sentencia_id,2,,,2,
164,sentencias,magistradodefinitivo,id,2,,,2,
164,sentencias,magistradodefinitivo,definitivo_id,2,,,2,
164,sentencias,magistradodefinitivo,sentencia_id,2,,,2,
165,sentencias,materia_norma,id,2,,,2,
165,sentencias,materia_norma,tema_id,2,,,2,
165,sentencias,materia_norma,sentencia_id,2,,,2,
166,sentencias,ministerios,id,2,,,2,
166,sentencias,ministerios,ministerios_id,2,,,2,
166,sentencias,ministerios,participacion,2,,,2,
166,sentencias,ministerios,sentencia_id,2,,,2,
167,sentencias,motivo_de_inadmision,id,2,,,2,
167,sentencias,motivo_de_inadmision,nombre,2,,,2,
168,sentencias,nombre_entidad,id,2,,,2,
168,sentencias,nombre_entidad,nombre,2,,,2,
169,sentencias,nombremagistrado,id,2,,,2,
169,sentencias,nombremagistrado,nombre_completo,2,,,2,
169,sentencias,nombremagistrado,avatar,2,,,2,
170,sentencias,nombres_ministerios,id,2,,,2,
170,sentencias,nombres_ministerios,nombre,2,,,2,
170,sentencias,nombres_ministerios,avatar,2,,,2,
171,sentencias,numeroaniosentencia,id,2,,,2,
171,sentencias,numeroaniosentencia,numero_sentencia,2,,,2,
171,sentencias,numeroaniosentencia,anio,2,,,2,
171,sentencias,numeroaniosentencia,sentencia_id,2,,,2,
172,sentencias,partido,id,2,,,2,
172,sentencias,partido,nombre_partido,2,,,2,
173,sentencias,presidentecorte,id,2,,,2,
173,sentencias,presidentecorte,nombre_completo,2,,,2,
173,sentencias,presidentecorte,avatar,2,,,2,
174,sentencias,procurador,id,2,,,2,
174,sentencias,procurador,nombres,2,,,2,
174,sentencias,procurador,apellidos,2,,,2,
174,sentencias,procurador,avatar,2,,,2,
175,sentencias,sentanioprimersalv,id,2,,,2,
175,sentencias,sentanioprimersalv,numero_sentencia,2,,,2,
175,sentencias,sentanioprimersalv,anio,2,,,2,
175,sentencias,sentanioprimersalv,sentencia_id,2,,,2,
176,sentencias,sentaniosegundosalv,id,2,,,2,
176,sentencias,sentaniosegundosalv,numero_sentencia,2,,,2,
176,sentencias,sentaniosegundosalv,anio,2,,,2,
176,sentencias,sentaniosegundosalv,sentencia_id,2,,,2,
177,sentencias,solicitud,id,2,,,2,
177,sentencias,solicitud,created_at,2,,,2,
177,sentencias,solicitud,edited_at,2,,,2,
177,sentencias,solicitud,nombre,2,,,2,
177,sentencias,solicitud,lugar,2,,,2,
177,sentencias,solicitud,organizacion,2,,,2,
177,sentencias,solicitud,telefono,2,,,2,
177,sentencias,solicitud,movil,2,,,2,
177,sentencias,solicitud,correo,2,,,2,
177,sentencias,solicitud,titulo,2,,,2,
177,sentencias,solicitud,finalidad,2,,,2,
177,sentencias,solicitud,tipo_datos,2,,,2,
177,sentencias,solicitud,terminos,2,,,2,
177,sentencias,solicitud,reporte_enviado,2,,,2,
178,sentencias,tema_de_la_norma,id,2,,,2,
178,sentencias,tema_de_la_norma,nombre,2,,,2,
179,sentencias,tipo_de_norma,id,2,,,2,
179,sentencias,tipo_de_norma,nombre,2,,,2,
180,sentencias,votacionmagistrados,id,2,,,2,
180,sentencias,votacionmagistrados,nombre_magistrado_id,2,,,2,
180,sentencias,votacionmagistrados,votacion,2,,,2,
180,sentencias,votacionmagistrados,sentencia_id,2,,,2,
183,social,auth_usersocialauth,id,2,,,2,
183,social,auth_usersocialauth,user_id,2,,,2,
183,social,auth_usersocialauth,provider,2,,,2,
183,social,auth_usersocialauth,uid,2,,,2,
183,social,auth_usersocialauth,extra_data,2,,,2,
184,socialauth,authmeta,id,2,,,2,
184,socialauth,authmeta,user_id,2,,,2,
184,socialauth,authmeta,provider,2,,,2,
184,socialauth,authmeta,is_email_filled,2,,,2,
184,socialauth,authmeta,is_profile_modified,2,,,2,
185,socialauth,facebookuserprofile,id,3,,,,
185,socialauth,facebookuserprofile,facebook_uid,3,,,,
185,socialauth,facebookuserprofile,user_id,3,,,,
185,socialauth,facebookuserprofile,profile_image_url,3,,,,
185,socialauth,facebookuserprofile,profile_image_url_big,3,,,,
185,socialauth,facebookuserprofile,profile_image_url_small,3,,,,
185,socialauth,facebookuserprofile,location,3,,,,
185,socialauth,facebookuserprofile,url,3,,,,
185,socialauth,facebookuserprofile,about_me,3,,,,
187,socialauth,openidprofile,id,2,,,2,
187,socialauth,openidprofile,openid_key,2,,,2,
187,socialauth,openidprofile,user_id,2,,,2,
187,socialauth,openidprofile,is_username_valid,2,,,2,
187,socialauth,openidprofile,email,2,,,2,
187,socialauth,openidprofile,nickname,2,,,2,
188,socialauth,twitteruserprofile,id,3,,,,
188,socialauth,twitteruserprofile,screen_name,3,,,,
188,socialauth,twitteruserprofile,user_id,3,,,,
188,socialauth,twitteruserprofile,access_token,3,,,,
188,socialauth,twitteruserprofile,profile_image_url,3,,,,
188,socialauth,twitteruserprofile,location,3,,,,
188,socialauth,twitteruserprofile,url,3,,,,
188,socialauth,twitteruserprofile,description,3,,,,
189,south,migrationhistory,id,2,,,2,
189,south,migrationhistory,app_name,2,,,2,
189,south,migrationhistory,migration,2,,,2,
189,south,migrationhistory,applied,2,,,2,